narrative_name,text,system_actors_roles,system_relations,system_values_hits,manual_actors,manual_roles,manual_threat,manual_responsibility,manual_causal_relations,manual_values,manual_preferred_action,annotator_notes
Left-wing,"unions are the backbone of the middle class, we need to make it easier to organize, not harder.",,"we --proposes_action--> need to make it easier to organize , not harder . (0.35)",,,,,,,,,
Left-wing,"Pray for simple people from Israel and Gaza 🙏 Life is more matters, instead of politics",Israel=neutral(0.0); Gaza=neutral(0.0),,,,,,,,,,
Left-wing,"🗞Since the Gaza 'ceasefire' was announced, I have wondered what this word actually means. For Palestinians in the enclave, it was supposed to mean at least a brief moment of stability. Instead, very little has changed.  ✍ Opinion by Hassan Herzallah 🔗  https://www.middleeasteye.net/opinion/there-no-ceasefire-gaza?utm_source=telegram&utm_medium=social&utm_campaign=social_traffic",Gaza=neutral(0.0); Palestinians=neutral(0.0); Hassanherzallah=neutral(0.0); Middleeasteye=neutral(0.0),ceasefire --causes--> I (0.5),יציבות וסדר,,,,,,,,
Left-wing,"the climate crisis is literally happening right now and politicians are still taking money from fossil fuel lobbyists, ugh.",,,,,,,,,,,
Left-wing,LA Gave More Money to Cops While Cutting Fire Budgets. Now It’s Burning.  https://theintercept.com/2025/01/08/la-police-budget-palisades-fires/,LA=neutral(0.0),,,,,,,,,,
Left-wing,"Seriously, gentrification is pushing out long-standing communities. We need policies that protect them.",,gentrification --proposes_action--> pushing out long - standing communities . (0.35); that --protects--> them (0.45); We --proposes_action--> need policies that protect them . (0.35),ביטחון והישרדות,,,,,,,,
Left-wing,Four ambulances run by a Jewish volunteer organisation were set on fire in the early hours of Monday morning in London.  No injuries were reported and the fires have since been contained. The Metropolitan Police force is treating the arson as a suspected antisemitic hate crime,Jewish=neutral(0.0); United Kingdom=neutral(0.0); Metropolitanpolice=neutral(0.0),,,,,,,,,,
Left-wing,It's time to abolish the filibuster and actually pass some progressive legislation for once instead of letting everything stall.,,,,,,,,,,,
Left-wing,"“Strange beings,” locals said, visiting an isolated Indigenous community in rural Peru at night, harassing its inhabitants and attempting to kidnap a 15-year-old girl. https://t.co/tB2XO1zU9d",Indigenous=neutral(0.0); Peru=neutral(0.0),,סולידריות ואחריות קולקטיבית,,,,,,,,
Left-wing,"""As the weapons industry celebrates and polls show renewed public optimism, Israel's aggression across the region reveals an addiction to violence that no military victory can cure""  ✍️ Opinion by Antony Loewenstein  🔗 https://www.middleeasteye.net/opinion/why-soaring-israeli-morale-over-war-iran-exposes-deeper-delusion?utm_source=telegram&utm_medium=social&utm_campaign=social_traffic",Israel=hero(0.15); Antonyloewenstein=hero(0.15); Middleteye=neutral(0.0),industry --causes--> aggression (0.5),,,,,,,,,
Left-wing,"Mutual aid is how we take care of each other when the state fails us, and it's honestly a beautiful example of community power.",,,סולידריות ואחריות קולקטיבית,,,,,,,,
Left-wing,"solidarity with the baristas and warehouse workers trying to unionize right now, you guys are heroes.",,,סולידריות ואחריות קולקטיבית,,,,,,,,
Left-wing,"An internal autopsy by the US Democratic party found Kamala Harris lost significant support in the 2024 election because of the Biden administration’s policy of arming and funding Israel’s genocide in Gaza, according to a report by American news website Axios.  The autopsy, which",United States=neutral(0.0); Democratic=neutral(0.0); Kamala Harris=neutral(0.0); Biden=neutral(0.0); Israel=neutral(0.0); Gaza=neutral(0.0); United States=neutral(0.0); Axios=neutral(0.0),"the Biden administration’s policy of arming and funding Israel’s genocide in Gaza, according to a report by American new --causes--> An internal autopsy by the US Democratic party found Kamala Harris lost significant support in the 2024 election (0.4)",,,,,,,,,
Left-wing,e-register.vote.nyc,,,,,,,,,,,
Left-wing,"My new book, Fight Oligarchy, is out today.   I hope you enjoy it.",Fightoligarchy=neutral(0.0),,,,,,,,,,
Left-wing,"🔁 RT @LeahFeiger: ‘It Is A Huge, Vast, Opportunity’: How OceanGate went from disruptive startup to catastrophic deepsea failure  read @timmarchman @josephfcox @neuwaves @mjgault:   https://t.co/hpb3Yp1QHo",Leahf=neutral(0.0); Oceangate=neutral(0.0),,,,,,,,,,
Left-wing,Gavin Newsom’s Cynical Embrace of the Anti-Trans Agenda   https://theintercept.com/2025/03/07/gavin-newsom-trans-democrats/,Gavinnewsom=neutral(0.0); The=neutral(0.0); Anti-transagenda=neutral(0.0),,,,,,,,,,
Left-wing,"🎥 ""They're definitely starting to hate Israel, why wouldn't they?""  Speaking to Piers Morgan on Piers Morgan Uncensored, Tucker Carlson said many supporters of Donald Trump feel “heartbroken” and “betrayed” over Washington’s continued backing of Israel.  Carlson argued that the voters who helped elect Trump expected a break from past US policy, including what he described as handing operational authority to Benjamin Netanyahu, saying many now believe the US relationship with Israel is “hurting us gravely” and “getting Americans killed”.  He added that Trump voters are turning against Israel as frustration grows over Washington’s continued alignment with the Israeli government's controversial policies.",Israel=neutral(0.0); Piers Morgan=neutral(0.0); Piers=neutral(0.0); Morgan=neutral(0.0); Unored=neutral(0.0); Tuckercarlson=neutral(0.0); Donaldtrump=neutral(0.0); United States=neutral(0.0); Israel=neutral(0.0); Carlson=victim(0.15); Trump=victim(0.15); United States=victim(0.15); Benjaminnetanyahu=victim(0.15); United States=victim(0.15); Israel=victim(0.15); United States=aggressor(0.85); Trump=neutral(0.0); Israel=neutral(0.0); United States=neutral(0.0); Israel=neutral(0.0),frustration --causes--> voters (0.5),,,,,,,,,
Left-wing,"The poll put the Greens in second place among voters of all ages, just two points behind Reform.",Greens=neutral(0.0); Reform=neutral(0.0),,,,,,,,,,
Left-wing,"It’s not 'radical' to want clean air, clean water, and a roof over your head. That's just basic survival.",,,ביטחון והישרדות,,,,,,,,
Left-wing,Abortion is healthcare. Full stop. Get your laws and your religion off our bodies.,,,,,,,,,,,
Left-wing,"The Turkish government has tightened controls on the transit and re-export of military equipment and defence-related items to third countries through Turkey under a new regulation introduced on Monday.  One Turkish official familiar with the matter said Ankara had decided to more closely monitor transit exports of these products because Turkey does not want to become a hub for illicit arms trading.  A Turkish defence industry expert, speaking anonymously to MEE, said certain arms dealers had been trying to use Turkey as a route for importing and exporting weapons from Eastern Europe and the Balkans into the region, and that Ankara was seeking to clamp down on such attempts through the new regulation.  🔗 https://www.middleeasteye.net/news/turkey-tightens-military-transit-rules-stop-illicit-arms-trade?utm_source=telegram&utm_medium=social&utm_campaign=social_traffic",Turkish=neutral(0.0); Turkey=neutral(0.0); Turkish=neutral(0.0); Ankara=neutral(0.0); Turkey=neutral(0.0); Turkish=neutral(0.0); MEE=neutral(0.0); Turkey=neutral(0.0); Easterneurope=neutral(0.0); Balkans=neutral(0.0); Ankara=neutral(0.0),Turkey --causes--> Ankara (0.5),ביטחון והישרדות,,,,,,,,
Left-wing,"On Labor Day 2025, we thank the trade union movement in America for protecting the needs of working families.  When labor unions do well, we all do well.  Let’s grow the trade union movement.",Laborday=neutral(0.0); United States=neutral(0.0),,ביטחון והישרדות,,,,,,,,
Left-wing,Healthcare debates expose systemic gaps clearly.,,,,,,,,,,,
Left-wing,"The wealth gap is at its highest point since the Gilded Age, and honestly, it's just not sustainable for a functioning society.",Gildedage=neutral(0.0),,,,,,,,,,
Resistance,Israeli opposition leader Yair Lapid discusses potential Gaza ceasefire deal at the Knesset @aljazeeraenglish,Israel=neutral(0.0); Yair Lapid=neutral(0.0); Gaza=neutral(0.0); Knesset=neutral(0.0),,,,,,,,,,
Resistance,"The Americans should know if they start a war, this time it will be a regional war.",United States=neutral(0.0),"United States --proposes_action--> know if they start a war , this time it will be a regional war . (0.55)",,,,,,,,,
Resistance,Breaking | Direct Iranian impact in southern occupied Palestine,Iran=neutral(0.0); Palestinians=neutral(0.0),,,,,,,,,,
Resistance,"Wallah, I just want to see the sea once without having to go through three different checkpoints.",Wallah=neutral(0.0),,,,,,,,,,
Resistance,"decisive and severe dealing with people who cooperate with the enemy  🔹First Deputy of the Judiciary: The judicial system will deal hard with people who are infiltrators, mercenaries and traitors and who cooperate and accompany the enemy under these conditions, and these people will not be included in any friendship. @TasnimNews",Judiciary=neutral(0.0); Tanin=neutral(0.0),,,,,,,,,,
Resistance,They talk about 'international law' only when it suits their imperialistic agenda. It's a joke.,,,,,,,,,,,
Resistance,"US Senator Chris Van Hollen sarcastically thanks Trump for the rise in gas prices:   ""Gas prices at one of my local stations in Maryland, today. All thanks to Donald Trump.""  Follow:  T.me/presstv",United States=neutral(0.0); Chrisvanhollen=neutral(0.0); Trump=neutral(0.0); Maryland=neutral(0.0); Donaldtrump=neutral(0.0),,,,,,,,,,
Resistance,"The Syrian Arab tribes and clans released a powerful statement, declaring their firm stance against the ongoing US-Israeli aggression in the region, warning that the violence in Gaza, Lebanon, Syria, and Iran could extend across the entire region, including ""Egypt, Turkey, Saudi Arabia, Algeria, Iraq, and beyond.""  ""The objective is clear: to subjugate the people of this Arab and Islamic nation, reducing them to servants and subordinates to the criminal Netanyahu and the reckless Trump,"" the statement read.  Speaking ""out of religious and moral duty,"" they ""unequivocally condemned the Zionist arrogance"" and ""blind Zionist aggression driven by a false biblical narrative.""",Syrianarab=neutral(0.0); United States=neutral(0.0); Israel=neutral(0.0); Gaza=neutral(0.0); Lebanon=neutral(0.0); Syria=neutral(0.0); Iran=neutral(0.0); Egypt=neutral(0.0); Turkey=neutral(0.0); Saudiarabia=neutral(0.0); Algeria=neutral(0.0); Iraq=neutral(0.0); Arab=aggressor(0.15); Islamic=aggressor(0.15); Netanyahu=aggressor(0.15); Trump=aggressor(0.15); Zionist=neutral(0.0); Zionist=neutral(0.0),they --opposes--> arrogance (0.45),,,,,,,,,
Resistance,"Sometimes I think the international community only cares when things get violent, otherwise we're forgotten.",,,סולידריות ואחריות קולקטיבית,,,,,,,,
Resistance,"Breaking | A 53-year-old Palestinian man was shot in the neck and chest, and another 54-year-old Palestinian man was injured in the foot by Israeli occupation forces in Tulkarem, according to the Palestinian Red Crescent.",Palestinians=neutral(0.0); Palestinians=neutral(0.0); Israel=neutral(0.0); Tulkarem=victim(0.7); Palestinianredcrescent=neutral(0.0),,,,,,,,,,
Resistance,"They call us 'terrorists,' but who really destabilized the entire region? Just look at Iraq, Afghanistan, Libya.",Iraq=neutral(0.0); Afghanistan=neutral(0.0); Libya=neutral(0.0),"They --proposes_action--> call us ' terrorists , ' but who really destabilized the entire region ? (0.35)",,,,,,,,,
Resistance,Biden's final address: Outgoing US president makes last Oval Office speech @aljazeeraenglish,Biden=neutral(0.0); United States=neutral(0.0); Ovaloffice=neutral(0.0),,,,,,,,,,
Resistance,"The resistance isn't just fighting, it's surviving, it's teaching, it's living despite everything.",,,,,,,,,,,
Resistance,"People of Shahrekord: As long as the blood is in our veins, the street is our stronghold  🔹 The people of Shahrekord rose again on the 22nd night of resistance and supported the armed forces. @TasnimNews",Shahrekord=neutral(0.0); Shahrekord=neutral(0.0); Tanimn=neutral(0.0),,,,,,,,,,
Resistance,"Kashmiris express support for Iran, donating jewellery, valuable assets amid US-Israeli aggression  @ PressTV",Kashmiris=neutral(0.0); Iran=neutral(0.0); United States=neutral(0.0); Israel=neutral(0.0); Presstv=neutral(0.0),,,,,,,,,,
Resistance,"I mean, how can the world just watch Gaza and do nothing, it's like we're not even human to them.",Gaza=neutral(0.0),,,,,,,,,,
Resistance,"American reporter: Why should our soldiers defend Israel?!  🔹Anna Kasparian, a famous American journalist: Our soldiers are now in Israel to defend the Israelis!  🔹I want to know… do Israelis pay for our military?  🔹Are they spending a trillion dollars a year on our military? No!  @TasnimNews",United States=neutral(0.0); Israel=neutral(0.0); 🔹annakasparian=neutral(0.0); United States=neutral(0.0); Israel=neutral(0.0); Israel=neutral(0.0); Israel=neutral(0.0); Tasnimnews=neutral(0.0),soldiers --protects--> Israel (0.45); soldiers --proposes_action--> defend Israel ? ! (0.35),ביטחון והישרדות,,,,,,,,
Resistance,"Israeli occupation authorities are demolishing a Palestinian-owned home on the outskirts of Duma village, southeast of Nablus, the occupied West Bank, citing construction without an Israeli permit.",Israel=neutral(0.0); Palestinians=neutral(0.0); Duma=neutral(0.0); Nablus=neutral(0.0); Westbank=neutral(0.0); Israel=neutral(0.0),,,,,,,,,,
Resistance,"For real, though, this can't go on forever. Change is coming, I really feel it in the air.",,,,,,,,,,,
Resistance,The so-called 'peace deals' are just thinly veiled attempts to normalize occupation. We reject them.,,We --opposes--> them (0.45),,,,,,,,,
Resistance,"Los Angeles wildfires displace thousands, spark housing crisis amid emotional and community loss @aljazeeraenglish",Losangeles=neutral(0.0),,סולידריות ואחריות קולקטיבית,,,,,,,,
Resistance,"CBS News poll: Majority of Americans say war with Iran is not going well, opposition rising  @PressTV",Cbsnews=neutral(0.0); United States=neutral(0.0); Iran=neutral(0.0); Presstv=neutral(0.0),,,,,,,,,,
Resistance,"Iran's National Gas Company confirmed that despite the US-Israeli attack this morning targeting gas facilities in South Iran, no region in the country is facing any constraints in gas supply.  The aggression, which occurred around 14:00 local time, caused damage to some refining units, but no casualties were reported, and all personnel remain safe and in good condition, according to the company.  It added that teams from the National Gas Company are on-site managing the situation and are restoring conditions to normal, and gas production continues under full safety protocols, as well as Iran's gas network.  The fire resulting from the  US-Israeli aggression at the South Pars gas field has been extinguished, according to the statement, and equipment cooling operations are now underway. Conditions are expected to return to normal soon.",Iran=neutral(0.0); Nationalgascompany=neutral(0.0); United States=neutral(0.0); Israel=neutral(0.0); Southiran=victim(0.7); Nationalgascompany=neutral(0.0); Iran=neutral(0.0); United States=neutral(0.0); Israel=neutral(0.0); Southpars=neutral(0.0),,ביטחון והישרדות,,,,,,,,
Resistance,"We will never normalize relations with an apartheid regime, never, ever, not a chance.",,,,,,,,,,,
Resistance,Activists keep pointing at power imbalance in every clash.,,,,,,,,,,,
Right-wing,Nearly 10% of Transportation Security Administration workers reportedly called in sick on Tuesday as the Democrats' partial government shutdown continued. MORE: https://bit.ly/4uEYK81,Transportationsecurityadministration=neutral(0.0); Democrats=neutral(0.0),% --proposes_action--> called in sick on Tuesday as the Democrats ' partial government shutdown continued . (0.35); shutdown --causes--> % (0.5),ביטחון והישרדות,,,,,,,,
Right-wing,"Bombshell Whistleblower Report: Mueller's Anti-Trump Witch Hunters Drank on the Job, Tried to Doctor Records, Violated Security Rules  The startling whistleblower report uncovers numerous allegations against the Mueller team that many people haven’t heard of even to this day.  https://w-j.co/s/47c18",Bombshellwhistleblow=neutral(0.0); Mueller=neutral(0.0); Anti=neutral(0.0); Trumpwitchhunters=neutral(0.0); Job=neutral(0.0); Doctorrecords=neutral(0.0); Securityrules=neutral(0.0); Mueller=neutral(0.0),,ביטחון והישרדות,,,,,,,,
Right-wing,Very cool!  https://1819news.com/news/item/poll-charlie-kirk-turning-point-usa-second-most-watched-conservative-platform-in-alabama-behind-fox-news,Al=neutral(0.0),,,,,,,,,,
Right-wing,“The assassination of political figures is not the same thing as just being shot in the throat for the crime of debating issues in the public square.” @benshapiro  discusses the terrifying reality of Charlie Kirk's assassination with  @billmaher  - and what it means for our nation.,Ben=neutral(0.0); Charliekirk=neutral(0.0),,,,,,,,,,
Right-wing,"SECRETARY HEGSETH on the media’s coverage of Operation Epic Fury:  “TDS is in their DNA. They want President Trump to fail. But you, the American people, know better.”",Operationepicfury=neutral(0.0); TD=neutral(0.0); Trump=neutral(0.0); United States=neutral(0.0),,,,,,,,,,
Right-wing,Pittsburgh police officers accused of ignoring ICE agents’ struggle with suspect,Pittsburgh=neutral(0.0); ICE=neutral(0.0),,,,,,,,,,
Right-wing,On the show today:   Steve Bannon acted as a key advisor to Jeffrey Epstein in the years leading up to his arrest;   MTG and Thomas Massie continue their campaign to seize control of MAGA;   and the UN greenlights Trump’s big Gaza plan.  Watch here:,Stevebannon=hero(0.15); Jeffreyepstein=hero(0.15); MTG=hero(0.15); Thomasmassie=hero(0.15); MAGA=hero(0.15); United Nations=hero(0.15); Trump=hero(0.15); Gaza=hero(0.15),,,,,,,,,,
Right-wing,"Competition drives excellence. Monopolies, especially government ones, are just terrible for consumers.",,,,,,,,,,,
Right-wing,"​BREAKING: Trump warns ICE will do airport security if Dems don't pass TSA, DHS funding  https://postmillennialnews.com/yga1xy",Trump=neutral(0.0); ICE=neutral(0.0); Dems=neutral(0.0); TSA=neutral(0.0); DHS=neutral(0.0),,ביטחון והישרדות,,,,,,,,
Right-wing,"CALLS FOR AN INVESTIGATION: New Mexico state Reps. Rebecca Dow and Stefani Lord are calling for a broader investigation into activities linked to late financier and sex offender Jeffrey Epstein's Zorro Ranch, urging the state's Truth Commission to examine not only individual misconduct but also systemic failures. MORE: https://bit.ly/3Pjdo4Q",Newmexico=neutral(0.0); Rep=neutral(0.0); Rebeccadow=neutral(0.0); Stefani Lord=neutral(0.0); Jeffreyepstein=neutral(0.0); Zorroranch=neutral(0.0); Truthcommission=neutral(0.0),Rebeccadow --proposes_action--> calling for a broader investigation into activities linked to late financier and sex offender Jeffrey Epstein 's Zorro R (0.55),,,,,,,,,
Right-wing,​Oscars omit famed French actress Brigitte Bardot from In Memoriam segment  https://postmillennialnews.com/l3i3ie,Oscar=neutral(0.0); French=neutral(0.0); Brigitte Bardot=neutral(0.0); Inmemoriam=neutral(0.0),,,,,,,,,,
Right-wing,"Our sovereignty is non-negotiable. Build the wall, finish the job, protect our nation.",,,ביטחון והישרדות; ריבונות וזהות לאומית/קולקטיבית,,,,,,,,
Right-wing,"GAS PRICES RISE: AAA says the national average price for gas has jumped to nearly $3.80 a gallon, up from $2.98 before the U.S.-Israel war with Iran,  and the highest levels since 2023. https://bit.ly/4cTivlY",AAA=neutral(0.0); United States=neutral(0.0); Israel=neutral(0.0); Iran=neutral(0.0),,,,,,,,,,
Right-wing,London 1985 vs 2025,United Kingdom=neutral(0.0),,,,,,,,,,
Right-wing,"Globalists wanna weaken our sovereignty, but we won't let them. Our nation comes first, plain and simple.",,,ריבונות וזהות לאומית/קולקטיבית,,,,,,,,
Right-wing,"A guest column by attorney Aharon Gerber, deputy head of the legal department at the Kehalat, in the Makorashon newspaper on Saturday >> As part of the ""Guardians of the Gate"" campaign, the ombudsman and her people are trying to convince us that democracy is in danger. In her opinion, if there is someone to tell her what to do, or if, God forbid, the Prime Minister determines the tasks of the head of the Shin Bet, or if the Civil Service Commissioner is appointed to promote the government's policy - our dear country will change its face forever. In the consultant's imagined world, a reality in which the Prime Minister and the ministers run the country is an immediate threat. In the political theory she presents, if the government tries to implement its policy and appoints people who are committed to its view, In the democracy of Bahar-Miara, it is forbidden to have an influence on it. The government was responsible for its decisions, for better or for worse. In those days, there was a debate about the limits of the legal advisers' tenure. For the full article: https://www.makorrishon.co.il/opinions/article/184648",Aharon Gerber=neutral(0.0); Kehalat=neutral(0.0); Makorashon=neutral(0.0); Guardians=neutral(0.0); Ofthegate=neutral(0.0); God=neutral(0.0); Shinbet=neutral(0.0); Bahar-=neutral(0.0); Miara=neutral(0.0),(unattributed) --blames--> The government (0.35),,,,,,,,,
Right-wing,"​200,000 immigrant truck drivers set to lose CDL eligibility amid safety crackdown  https://postmillennialnews.com/ru75we",CDL=neutral(0.0),,ביטחון והישרדות,,,,,,,,
Right-wing,"The socialist policies being pushed would bankrupt this country, plain and simple.",,,,,,,,,,,
Right-wing,"America First, always. Why is that even controversial anymore, you know?",Americafirst=neutral(0.0),,,,,,,,,,
Right-wing,"From Shlomo Teitelbaum's article in Calcalist: ""If the market is not competitive, then a large part of the VAT waiver will not go to lowering the price for the consumer but to increasing the producer's profits. If we assume - this is what Dr. Michael Sharal from the Kehalat Economic Forum assumes - that only 70% will be passed on to the consumer, then NIS 1.2-1.5 billion from the loss of state revenue will go to increasing the profits of producers. Furthermore, if the goal of the policy is to help the weak, then the absolute majority of the money will not reach them at all. From an analysis conducted by Dr. Sharal, it appears that the monthly benefit for the weakest will amount to NIS 23-34 per month. On the other hand, the benefit for the top two deciles will be about NIS 75-98 per month. This means that only 7.3% of the revenue loss will reach the goal of the pre-planned policy. Would any member of the Knesset donate to a charity that out of 100 shekels, only 7.3 shekels are used for its activities?"" The full article>> https://www.calcalist.co.il/local_news/article/s1hhkjo811l",Shlomo Teitelbaum=neutral(0.0); Calcalist=neutral(0.0); Michaelsharal=neutral(0.0); Kehalateconomicforum=neutral(0.0); Shara=neutral(0.0); N=neutral(0.0); N=neutral(0.0); Knesset=neutral(0.0),,,,,,,,,,
Right-wing,"Illegal immigration isn't 'migration,' it's a violation of our laws. Call it what it is.",,,,,,,,,,,
Right-wing,"Honestly, this open border policy is a disaster for national security and our economy.",,,ביטחון והישרדות,,,,,,,,
Right-wing,"Affirmative action is just reverse discrimination, plain and simple. Merit should always rule.",,Merit --proposes_action--> rule . (0.35),,,,,,,,,
Right-wing,LIVE NOW: Texas Lawmakers Hold News Conference in Chicago https://www.theepochtimes.com/epochtv/live-now-texas-lawmakers-hold-news-conference-in-chicago-5896900,Texaslawmakers=neutral(0.0); Holdnewsconference=neutral(0.0); Chicago=neutral(0.0),,,,,,,,,,
Right-wing,"They want to rewrite history to fit their narrative, and it's just plain wrong.",,,,,,,,,,,
Russian,"Our traditional values are, well, they're under attack from these modern liberal agendas that don't fit our culture.",,,מסורת ומורשת,,,,,,,,
Russian,"When Kash Patel says cyber actors then I just think Russia has these guys working for them.  ""Sorry, C3PO and Johnny Five were just settling a bet on who could hack the most Americans. They were not doing this as members of Russian intelligence.""  - Putin  @Slavyangrad",Kash Patel=neutral(0.0); Russia=neutral(0.0); C3PO=neutral(0.0); Johnnyfive=neutral(0.0); United States=neutral(0.0); Russia=neutral(0.0); Putin=neutral(0.0); Slavyangrad=neutral(0.0),,,,,,,,,,
Russian,"🎖🎖 by Russian Defence Ministry on progress of special military operation as of 14 March 2026  ❗️ Last night, in response to Ukraine's terrorist attacks on civilian facilities on the territory of Russia, the Armed Forces of the Russian Federation carried out a massive strike by ground-, air-, and sea-based long-range precision weaponry and attack UAVs against enterprises of the Ukrainian defence industry, energy infrastructure facilities used for the benefit of the Armed Forces of Ukraine, as well as the military airfields.  ✅ The goals of the strike were achieved. All the assigned targets were engaged.  📍 Units of the Sever Group of Forces took more advantageous lines and positions. Manpower and hardware of the AFU mechanised brigade and one territorial defence brigade have been hit near Miropolye, Pisarevka, Novaya Sech, and Kondratovka (Sumy region).  💥 In Kharkov region, units of two mechanised brigades, one airmobile brigade, and one motorised infantry brigade of the AFU have been hit near Udy, Volchanskye Khutora, and Verkhniy Saltov (Kharkov region).  ▪️ The AFU losses amounted to more than 225 troops, 16 motor vehicles, one field artillery gun, and one U.S.-made MLRS launcher. One counter-battery warfare station, one ammunition depot, and seven materiel depots were neutralised.  📍 The Zapad Group of Forces improved the situation along the front line. Strikes were delivered at manpower and hardware of two mechanised brigades of the AFU, one territorial defence brigade, and one border detachment of the State Border Guard Service of Ukraine close to Novoosinovo, Grushevka (Kharkov region), Yatskovka, Rubtsy, and Krasny Liman (Donetsk People's Republic).  ▪️ The enemy losses amounted to up to 190 troops, one infantry fighting vehicle, two U.S.-made M113 armoured personnel carriers, seven armoured fighting vehicles, 21 motor vehicles, and four artillery guns, including one 155-mm Polish-made Krab self-propelled artillery system. One counter-battery warfare station and four ammunition depots were neutralised.  📍 The Yuzhnaya Group of Forces took more advantageous lines and positions. Russian troops hit one mechanised brigade, one motorised infantry brigade, one assault brigade of the AFU, and one marine brigade near Konstantinovka, Druzhkovka, Alekseyevo-Druzhkovka, Novoselovka, and Aleksandrovka (Donetsk People's Republic).  ▪️ The enemy lost up to 140 troops, one U.S.-made M113 armoured personnel carrier, three armoured fighting vehicles, ten motor vehicles, three field artillery guns, and one Grad MLRS combat vehicle. Five ammunition and materiel depots were eliminated.  👉 See Part 2   🔹 Russian Defence Ministry",Russiandefenceministry=neutral(0.0); Ukraine=neutral(0.0); Russia=neutral(0.0); Armedforcesoftherussianfederation=neutral(0.0); Ukraine=neutral(0.0); Armedforcesofukraine=neutral(0.0); Severgroupofforces=neutral(0.0); AFU=neutral(0.0); Miropolye=neutral(0.0); Pisarevka=neutral(0.0); Novaya=neutral(0.0); Sech=neutral(0.0); Kondratovka=neutral(0.0); Sumy=neutral(0.0); Kharkov=neutral(0.0); AFU=neutral(0.0); Udy=neutral(0.0); Volchanskye Khutora=neutral(0.0); Verkhniysaltov=neutral(0.0); Kharkov=neutral(0.0); AFU=neutral(0.0); U=neutral(0.0); S=neutral(0.0); Zapadgroupofforces=neutral(0.0); AFU=neutral(0.0); Stateborderguardserviceofukraine=neutral(0.0); Novoosinovo=neutral(0.0); Grushevka=neutral(0.0); Kharkov=neutral(0.0); Yatskovka=neutral(0.0); Rubtsy=neutral(0.0); U=neutral(0.0); Polish=neutral(0.0); Yu=neutral(0.0); Russia=neutral(0.0),,ביטחון והישרדות,,,,,,,,
Russian,"Our strength isn't just in weapons; it's in our spirit, our resilience, our, uh, our unity.",,,סולידריות ואחריות קולקטיבית,,,,,,,,
Russian,"❗️Andrei Belousov inspects Sever Group of Forces  ▫️ On 17 March 2026, during a working visit to the zone of the special military operation, the Russian Defence Minister inspected units of the Sever Group of Forces and heard reports on the progress of operations at the command post. The main focus was on the expansion of the security belt on the territory of Sumy and Kharkov regions as well as strengthening the defence of the border regions of the Russian Federation.  💬 Commander of the Sever Group of Forces Colonel General Yevgeny Nikiforov reported to the Defence Minister on the successes of the units since the beginning of the year. As a result of cooperated actions, seven U.S.-made HIMARS and MLRS multiple rocket launchers were detected and destroyed.  📈 The commander also noted the increased effectiveness of the measures against enemy drones. Thanks to improved cohesion and training of FPV-interceptor teams, the effectiveness of long-range unmanned aerial vehicle engagement has been significantly improved.  💥 The Sever Group's Unmanned Systems Forces Commander reported to Andrei Belousov that an increase in the number of modern strike and reconnaissance drones made it possible to improve fire on enemy positions and provide continuous air surveillance in all directions.  ⚙️ He also added that an analysis centre had been set up at the unmanned system command post to assess the effectiveness of drone operators in real time. Maintenance elements equipped with programming equipment and 3D printers are deployed to ensure uninterrupted support of the units with UAVs. Thus, they can quickly prepare for the deployment unmanned aerial vehicles of various types. They are as follows: fixed-wing UAVs, hexacopters, copters, and FPV drones.  🤝At the end of the visit to the command post, Andrei Belousov presented state awards to servicemen of the Sever Group, who had distinguished themselves during combat missions. Those who showed courage, heroism and high professionalism in the special military operation received the Order of Courage and the Order 'For Merit Before Fatherland' with Swords, 1st and 2nd classes.   🔹 Russian Defence Ministry",Belous=neutral(0.0); Severgroupofforces=neutral(0.0); Russia=neutral(0.0); Sever Group Of Forces=neutral(0.0); Sumy=neutral(0.0); Kharkov=neutral(0.0); Russianfederation=neutral(0.0); Severgroupofforces=hero(0.15); Yevgeny Nikiforo=hero(0.15); U=neutral(0.0); S=neutral(0.0); M=neutral(0.0); Severgroup=neutral(0.0); Unmannedsystemsforces=neutral(0.0); Andreibelousov=neutral(0.0); U=neutral(0.0); U=neutral(0.0); Andreibelousov=neutral(0.0); Se=neutral(0.0); Russia=neutral(0.0); Ministry=neutral(0.0),,ביטחון והישרדות; יציבות וסדר,,,,,,,,
Russian,Meeting of the Agency for Strategic Initiatives Supervisory Board  bit.ly/3pWZqoA,Agencyforstrategicinitiativessupervisoryboard=neutral(0.0),,,,,,,,,,
Russian,It's funny how they call us the aggressors when they've been bombing countries for decades.,,they --attacks--> countries (0.45); they --proposes_action--> call us the aggressors when they 've been bombing countries for decades (0.35),,,,,,,,,
Russian,"📝The landing operation is becoming more and more real📝 The war with Iran will last at least another two to three weeks. Not a spoiler, but the deployment of the US Navy's 31st Marine Expeditionary Unit points to this.  It consists of approximately 2,200 Marines and sailors with light armored vehicles, most of whom are based at the USS Tripoli. He is assigned to Sasebo in Japan.  🖍According to the initial information that was distributed online, it was said about the transfer of 2.2 thousand marines. But The Wall Street Journal talks about 5 thousand.  🚩It is still unclear who else will be part of the new ship group. Some are talking about the possible dispatch of a cruiser and a destroyer, some media write that an amphibious landing group will be formed by analogy with the Caribbean.  ❗️We should wait for more specific data. But the very fact of sending a landing ship amid the blockade of the Strait of Hormuz, which Trump intends to open, indicates that the Pentagon is seriously considering the option of landing on Iranian shores. #Iran #USA 🧨@rybar_mena - about the Middle East chaos with love 💸 Support us",Iran=neutral(0.0); Usnavy=neutral(0.0); 31stmarineexpeditionaryunit=neutral(0.0); Marines=neutral(0.0); United States=neutral(0.0); Tripoli=neutral(0.0); Sasebo=neutral(0.0); Japan=neutral(0.0); Thewallstreetjournal=neutral(0.0); Caribbean=neutral(0.0); Straitofhormuz=neutral(0.0); Trump=neutral(0.0); Pentagon=neutral(0.0); Iran=neutral(0.0); Iran=neutral(0.0); United States=neutral(0.0); Middleeast=neutral(0.0),️We --proposes_action--> wait for more specific data . (0.35),,,,,,,,,
Russian,"@MariaVladimirovnaZakharova - Both taste and understanding of fashion are not characteristic of you.  - I think it depends on what you... - No, no. It wasn't a question.  ""The Devil Wears Prada"" P.S. The devil is wearing a blue skirt today.  #Maria Is Lying to the Whole World Again",Mariavladimirovzakhar=neutral(0.0); Devil=neutral(0.0); Prada=neutral(0.0); Maria=neutral(0.0); World=neutral(0.0),,,,,,,,,,
Russian,"📆  Top News Today  ▫️ From 7 to 13 March 2026, in response to the terrorist attacks launched by Ukraine against civilian facilities in the Russian Federation, the Armed Forces of the Russian Federation carried out a massive and six group strikes, which hit enterprises of the Ukrainian defence industry, fuel and power facilities, transport and airfield infrastructure by the Armed Forces of Ukraine, production, storage, and preparation for launch sites of long-range attack unmanned aerial vehicles as well as temporary deployment areas of Ukrainian armed forces and foreign mercenaries.  ▫️ The Russian Defence Ministry shows footage of a D-30 howitzer, a TOS-1 heavy flamethrower system, the Unmanned System Forces.   #TopNews 🔹 Russian Defence Ministry",Topnewstoday=neutral(0.0); Ukraine=neutral(0.0); Russianfederation=neutral(0.0); Armedforcesoftherussianfederation=neutral(0.0); Ukraine=neutral(0.0); Armedforcesofukraine=neutral(0.0); Ukraine=neutral(0.0); Russiandefenceministry=neutral(0.0); D=neutral(0.0); 30=neutral(0.0); TOS=neutral(0.0); 1=neutral(0.0); Unmannedsystemforces=neutral(0.0); Russiandefenceministry=neutral(0.0),,ביטחון והישרדות,,,,,,,,
Russian,🇺🇦🇷🇺UkroReich concentration camp warden Zelensky: “Putin doesn't want to end the war”.  🔴 @DDGeopolitics | Socials | Donate | Advertising,Zelensky=neutral(0.0); “=neutral(0.0); Putin=neutral(0.0); DDG=neutral(0.0),,,,,,,,,,
Russian,@MariaVladimirovnaZakharova Or maybe Finland and Sweden themselves will figure out when and what to discuss???  It is unlikely that anyone is very interested in advice from Masha the liar.  #russianstaterrorist,Mariavladimirovzakhar=neutral(0.0); Finland=neutral(0.0); Sweden=neutral(0.0); Masha=aggressor(0.15),,,,,,,,,,
Russian,Smolyanka promised her friend to kill her with a shovel Instant View,Smolyanka=neutral(0.0),,,,,,,,,,
Russian,"An Iranian woman films her neighborhood being bombed by Israel. As she seeks cover, Israel strikes again, in what appears to be a double-tap strike.  The woman films her own death.  Some Iranians in the diaspora dance and celebrate this, believing these are democracy bombs...  • Trita Parsi  Think sometimes the Iranian diaspora is even worse then Russian shitlibs living in the West.  @Slavyangrad",Iran=neutral(0.0); Israel=victim(0.7); Israel=aggressor(0.85); Iran=neutral(0.0); Trita Pars=neutral(0.0); Iran=neutral(0.0); Russia=neutral(0.0); West=neutral(0.0); Slavyangrad=neutral(0.0),she --causes--> Israel (0.5),,,,,,,,,
Russian,"#Announcement   On February 8-21 – #Moscow will host the 4th Youth Forum “Foreign Policy Meetings in Memory of Vitaly Churkin”.  The central topic: “Diplomacy in the Era of Hybrid Wars”.   Applications are open, including for junior foreign policy specialists.",Russia=neutral(0.0); Youthforum“=neutral(0.0); Policymeeting=neutral(0.0); Vitaly Churkincy=neutral(0.0); Ofhybridwars=neutral(0.0),,,,,,,,,,
Russian,"Statement by a Russian representative during the Interactive Dialogue on the human rights situation in Iran, 61th Session of the UN Human Rights Council   March 16, 2026, Geneva    t.me/RussiaGeneva/3 …",Russia=neutral(0.0); Interactivedialogue=neutral(0.0); Iran=neutral(0.0); Unhumanrightscouncil=neutral(0.0); Geneva=neutral(0.0); Russiageneva=neutral(0.0),,זכויות אדם וכבוד האדם,,,,,,,,
Russian,"The world is changing, and new centers of power are emerging. It's time to acknowledge that reality.",,,,,,,,,,,
Russian,"#Evstigneeva: If we are serious about restoring stability in Europe & preventing further escalation, we must address not only the military & diplomatic dimensions of the Ukrainian crisis, but also the information environment that frames them.   is.gd/xZAWtN",Eign=neutral(0.0); Europe=neutral(0.0); Ukraine=neutral(0.0),"we --proposes_action--> address not only the military & diplomatic dimensions of the Ukrainian crisis , but also the information environment tha (0.35)",יציבות וסדר,,,,,,,,
Russian,"The world isn't unipolar anymore, you know? America can't just dictate to everyone.",United States=neutral(0.0),,,,,,,,,,
Russian,🇮🇱 Scenes from Arad.  🔴 @DDGeopolitics | Socials | Donate | Advertising,Arad=neutral(0.0),,,,,,,,,,
Russian,It's about global justice. No single nation should have the right to dictate how others live or govern themselves.,,nation --proposes_action--> have the right to dictate others live or how govern themselves . (0.35),שוויון וצדק,,,,,,,,
Russian,'We are on the edge of A MUCH BIGGER WAR'   — Serbian pres Vucic to MD MEETS,Serbian=neutral(0.0); Vuc=neutral(0.0),,,,,,,,,,
Russian,"Honestly, the media narrative in the West? It's just non-stop Russophobia, trying to demonize us.",West=neutral(0.0); Russo=neutral(0.0),,,,,,,,,,
Russian,"The collective West is just trying to preserve its fading dominance, but the tide of history has already turned against them.",West=neutral(0.0),,,,,,,,,,
Russian,"You grow up hearing about threats, it sticks.",,,,,,,,,,,
Ukrainian,"Today is the first day of the holy month of Ramadan. This is a time of sincere prayer and deep faith. But, unfortunately, thousands of Ukrainian Muslims meet this day on the battlefield, and part of the Crimean Tatar people - under Russian occupation and in Russian captivity.   We remember about",Ramadan=neutral(0.0); Ukrainianmuslims=neutral(0.0); Crimeantatar=neutral(0.0); Russia=neutral(0.0); Russia=neutral(0.0),,,,,,,,,,
Ukrainian,"Air defense neutralized 109 out of 133 drones that the Russian army used to attack Ukraine at night, the Air Force of the Ukrainian Armed Forces reports. However, 20 drones were hit at 11 locations, and debris fell at seven.",Russia=neutral(0.0); Ukraine=victim(0.7); Airforceoftheukrainianarmedforces=neutral(0.0),,ביטחון והישרדות,,,,,,,,
Ukrainian,"❗️British Prime Minister Keir Starmer and Ukrainian President Volodymyr Zelenskyy signed a declaration on enhanced cooperation in the field of security and defense in London.  The declaration states that the two countries will work to develop a joint defense-industrial and technological ecosystem. This cooperation may include the creation of joint production lines, joint research and development, the integration of defense supply chains, and the development of industrial partnerships.",Keir Starmer=neutral(0.0); Ukraine=neutral(0.0); Volodymyr Zelensky=neutral(0.0); United Kingdom=neutral(0.0),,ביטחון והישרדות,,,,,,,,
Ukrainian,May the New 2022 be full of joy and breathtaking visits to Ukraine   ig: Olya_flydji,Ukraine=neutral(0.0); O=neutral(0.0),,,,,,,,,,
Ukrainian,Just saw another video from the front... those guys are literally superheroes in camouflage.,,,,,,,,,,,
Ukrainian,"Awarded state awards to our soldiers. It is not just a ceremony for us, it is not a formality. Ukraine honors its heroes and lives thanks to its heroes, thanks to your relatives, loved ones, our soldiers. Thanks to their people, who did not give up, were not afraid, who fight for their sake",Ukraine=hero(0.15),,,,,,,,,,
Ukrainian,"""Go to hell"" - this is how Russia responded to the French proposal to involve the Europeans in the peace talks, writes the FT.  In February, the French president's national security advisers, Emmanuel Bonn and Bertrand Buchwalter, visited Moscow for talks with Russian negotiator Yuri Ushakov. According to the sources, French officials insisted that Moscow agree that the Europeans should have a seat at the negotiating table.   ""Ushakov's answer to this question was actually: 'Sorry, no, we don't have any, go to hell,'"" said a high-ranking European diplomat.  Putin's press secretary Dmitry Peskov told the Financial Times that ""the Europeans don't want to help the peace process"" and when the French representative came, he ""didn't bring any positive signals, so I really didn't hear anything positive.""  @babel",Russia=neutral(0.0); French=neutral(0.0); Europeans=neutral(0.0); F=neutral(0.0); French=neutral(0.0); Emmanuelbonn=neutral(0.0); Bertrandbuchwalter=neutral(0.0); Russia=neutral(0.0); Russia=neutral(0.0); Yuriushakov=neutral(0.0); French=neutral(0.0); Russia=neutral(0.0); Europeans=neutral(0.0); Ushakov=neutral(0.0); European=neutral(0.0); Putin=neutral(0.0); Dmitrypeskov=neutral(0.0); Financialtimes=neutral(0.0); Europeans=neutral(0.0); French=neutral(0.0),officials --proposes_action--> insisted that Moscow agree that the Europeans should have a seat at the negotiating table . (0.35); Europeans --proposes_action--> have a seat at the negotiating table (0.55),ביטחון והישרדות,,,,,,,,
Ukrainian,People here just want normal days again.,,,,,,,,,,,
Ukrainian,"WHO prepares for nuclear disaster amid escalating war in Iran WHO is retraining its staff on how to respond to a nuclear incident, including advising officials on public health risks and what steps people should take to protect themselves.  According to WHO Regional Director for the Eastern Mediterranean, Hanan Balkhi, WHO staff are prepared for a nuclear incident in its ""broadest sense"", including an attack on a nuclear facility or the use of nuclear weapons. However, the organization ""really hopes that this will not happen.""  ✅ We are on WhatsApp | Telegram | Viber",WHO=neutral(0.0); Iran=neutral(0.0); WHO=neutral(0.0); WHO=neutral(0.0); Easternmediterranean=neutral(0.0); Hanan Balkhi=neutral(0.0); WHO=neutral(0.0); Whatsapp=neutral(0.0); Teleg=neutral(0.0),people --proposes_action--> take to protect themselves (0.35),ביטחון והישרדות,,,,,,,,
Ukrainian,"It’s a bit scary tonight with the drones overhead, but we’ve been through worse and survived.",,,,,,,,,,,
Ukrainian,"Sovereignty isn't a suggestion or a debate, it's our fundamental right as a nation.",,,ריבונות וזהות לאומית/קולקטיבית,,,,,,,,
Ukrainian,"Footage of the 26-story building in Kyiv's Solomyanskyi district, where the downed ""Shahid"" ended up.  The roof of the building caught fire.  According to the media, the ""arrival"" was at the apartment of Andriy Kovalskyi, the host of the telethon.  It is reported that he miraculously survived.  For a lie?🤔",Ukraine=neutral(0.0); Solomyanskyi=neutral(0.0); Shahid=neutral(0.0); Andriy Kovalsky=neutral(0.0),,,,,,,,,,
Ukrainian,"@Raid_413  struck a North Korean M-1989 “Koksan” self-propelled artillery unit in the Oleksandrivka direction. One of Russia’s longest-range guns — 170mm, up to 60 km. Its appearance on the battlefield shows how Russia is replacing worn-out 2S7 “Pion” systems with North Korean",41=neutral(0.0); Northkorean=neutral(0.0); M-=neutral(0.0); Koks=neutral(0.0); Oleksandrivka=neutral(0.0); Russia=neutral(0.0); Russia=neutral(0.0); 2=neutral(0.0); Pion=neutral(0.0); Northkorean=neutral(0.0),,,,,,,,,,
Ukrainian,Just saw the news about the latest shelling... when will this madness actually stop?,,,,,,,,,,,
Ukrainian,The war coverage strengthened national identity globally.,,,ריבונות וזהות לאומית/קולקטיבית,,,,,,,,
Ukrainian,"Portugal has also agreed to train Ukrainian pilots and mechanics on Western-type combat aircraft, according to Ukraine's Foreign Ministry.  https://t.co/rn5JoBeoBX",Portugal=neutral(0.0); Ukraine=neutral(0.0); Western=neutral(0.0); Ukraine=neutral(0.0); Foreignministrybb=neutral(0.0),,,,,,,,,,
Ukrainian,"🔹 In Donetsk region, a 63-year-old local woman died as a result of Russian shelling of the village of Maidan. Four more people were injured, including a 15-year-old boy. A man was injured due to the strike of the Russian Federation on Mykolaivka.  🔹 Russian troops attacked Sumy with a drone - one person was injured. One more man was injured as a result of the Russian attack on a car in the Mykolaiv community in the Sumy region. In Velika Chernechchyna, the Russian army hit a kindergarten pavilion with two ""Lightning missiles"". No one was injured.  🔹 In Kherson, a man died at his workplace due to Russian shelling of the Dnipro district.",Donetsk=neutral(0.0); Russia=neutral(0.0); Maidan=neutral(0.0); Russianfederation=victim(0.7); Mykolaivka=victim(0.7); Russia=neutral(0.0); Sumy=victim(0.7); Russia=neutral(0.0); Mykolaiv=neutral(0.0); Sumy=neutral(0.0); Velika Chernechchyna=neutral(0.0); Russia=neutral(0.0); Lightning=neutral(0.0); Kherson=neutral(0.0); Russia=neutral(0.0); Dnipro=neutral(0.0),"Russian shelling of the village of Maidan --causes--> 🔹 In Donetsk region, a 63-year-old local woman died (0.4); the strike of the Russian Federation on Mykolaivka --causes--> A man was injured (0.4); troops --attacks--> Sumy (0.45); the Russian attack on a car in the Mykolaiv community in the Sumy region --causes--> One more man was injured (0.4); Russian shelling of the Dnipro district --causes--> 🔹 In Kherson, a man died at his workplace (0.4)",סולידריות ואחריות קולקטיבית,,,,,,,,
Ukrainian,get Bach facts right,Bach=neutral(0.0),,,,,,,,,,
Ukrainian,"⚡️Intelligence chief tells Russian soldiers to surrender, says frontline situation will get worse.  Ukrainian military intelligence chief Kyrylo Budanov addressed Russian soldiers in a video on May 22, urging them to surrender if they do not want to die because the situation on… https://t.co/dergWNtPjf",⚡️intelligence=neutral(0.0); Russia=neutral(0.0); Ukraine=neutral(0.0); Kyrylo Budano=neutral(0.0); Russia=neutral(0.0),situation --causes--> they (0.5),,,,,,,,,
Ukrainian,"A large-scale scheme of embezzlement of funds in the Medical Guarantee Program for UAH 108.3 million in losses was exposed. The investigation established that instead of real services, some medical institutions entered fictitious records into the electronic system, artificially inflated the amount of assistance and the prices of equipment in order to receive more funding, the Prosecutor General's Office reported.  As part of 12 criminal proceedings, suspicions have already been reported to 18 people in the Donetsk, Volyn, Rivne, Kirovohrad, Mykolaiv, Sumy, Kharkiv, Kherson, Chernivtsi and Chernihiv regions.  ✅ We are on WhatsApp | Telegram | Viber",Medicalguaranteeprogram=neutral(0.0); UAH=neutral(0.0); Pro=neutral(0.0); Generalsoffice=neutral(0.0); Donetsk=aggressor(0.15); Volyn=aggressor(0.15); Rivne=aggressor(0.15); Kirovohrad=aggressor(0.15); Mykolaiv=aggressor(0.15); Sumy=aggressor(0.15); Kharkiv=aggressor(0.15); Kherson=aggressor(0.15); Chernivtsi=aggressor(0.15); Chernihiv=aggressor(0.15); Whatsapp=neutral(0.0); Telegram=neutral(0.0); Viber=neutral(0.0),,יציבות וסדר,,,,,,,,
Ukrainian,"The escalation in the Middle East has forced the world to view Ukraine differently, Foreign Ministry spokesman Heorhii Tykhyi said.  Tykhyi noted that the escalation in the Persian Gulf could accelerate Ukraine’s conclusion of drone agreements and change global perceptions of the country.  According to him, Iran’s confrontation with the United States and Israel highlights Ukraine’s unique experience, making it a valuable partner.  He also referred to remarks by Foreign Minister Andrii Sybiha, who said that countries in the region, forced to defend themselves against Iranian drones, now see Ukraine not as a requester of aid, but as a strong military force.  Tykhy also recalled a statement by President Volodymyr Zelenskyy about Ukraine’s readiness to develop security cooperation with the United States, NATO, and other partners.",Middleeast=neutral(0.0); Ukraine=neutral(0.0); Foreignministry=neutral(0.0); Heorhii Tykhyi=neutral(0.0); Tykh=neutral(0.0); Persiangulf=neutral(0.0); Ukraine=neutral(0.0); Iran=neutral(0.0); Unitedstates=neutral(0.0); Israel=neutral(0.0); Ukraine=neutral(0.0); Andriisybiha=hero(0.15); Iran=hero(0.15); Ukraine=hero(0.15); Tykh=neutral(0.0); Volodymyr Zelensky=neutral(0.0); Ukraine=neutral(0.0); Unitedstates=neutral(0.0); NATO=neutral(0.0),,ביטחון והישרדות,,,,,,,,
Ukrainian,"Deputy heads of the SBU of Kyiv region and Rivne region were detained — they are suspected of extorting a bribe from a businessman.  Investigators claim that in the Rivne region they demanded $620,000 from the head of a monopolist company in the amber business. For this amount, they promised to close the criminal proceedings that had previously been opened against his company.  Detainees are going to be informed about suspicion of bribery. They face up to ten years behind bars with confiscation.  @babel",SBU=neutral(0.0); Ukraine=neutral(0.0); Rivne=neutral(0.0); Rivne=neutral(0.0),"they --proposes_action--> demanded $ 620,000 from the head of a monopolist company in the amber business (0.35)",,,,,,,,,
Ukrainian,"""If you don't serve the state in the parliament, serve the state at the front."" Volodymyr Zelenskyy is ready to discuss changes to the law on mobilization.  ""People's deputies will either have to serve in the parliament according to Ukrainian legislation, or I am ready to discuss with the representatives of the parliament the law regarding changes to the mobilization so that the deputies can go to the front,"" the president said at a closed meeting with journalists, as quoted by Interfax-Ukraine.   Among his other statements: 🔴The American military contacted the Ukrainian military with a request for expertise in countering Shahed. ""The Americans attacked us several times. We received letters, calls and requests from all military institutions. We responded to them.""  🔴Zelensky would like to sign a drone agreement with the USA ""for years"" - worth about $35-50 billion. Ukraine is also ready for joint production. Distribution — 50% Ukrainian engineers, 50% American. In peacetime, if the US needs a larger quantity, it will have first priority for the entire volume. The same applies to Ukraine.   🔴There is a risk for providing Ukraine with anti-aircraft missiles. As an alternative, Ukraine is considering the European SAMP/T systems and agrees to be the first in line for them in case of successful anti-ballistic tests.  🔴Individual Ukrainian manufacturers sold interceptor drones abroad without the knowledge of the state. Zelenskyy emphasized: foreign partners should not buy individual drones, but a full-fledged defense system together with Ukrainian expertise in its use.  🔴The restoration of the Druzhba oil pipeline is no different from the lifting of sanctions from the Russian Federation. ""The question is more global: we sell Russian oil or we don't sell it. Because they are forcing me to restore ""Friendship"". How does this differ from the lifting of sanctions against the Russians?""  🔴The USA offered to postpone the tripartite meeting to next week due to the situation in the Middle East. The USA is ready to host the meeting, Ukraine agrees, but the Russian side is not ready to fly to the USA.  @babel",Volodymyr Zelensky=neutral(0.0); Ukraine=neutral(0.0); Interfax=neutral(0.0); Ukraine=neutral(0.0); United States=neutral(0.0); Ukraine=neutral(0.0); Shahed=neutral(0.0); United States=aggressor(0.85); United States=neutral(0.0); Ukraine=neutral(0.0); Ukraine=neutral(0.0); United States=neutral(0.0); United States=neutral(0.0); Ukraine=neutral(0.0); Ukraine=neutral(0.0); Ukraine=hero(0.15); European=hero(0.15); Ukraine=neutral(0.0); Zelensky=neutral(0.0); Ukraine=neutral(0.0); Druzhba=neutral(0.0); Russianfederation=neutral(0.0); Russia=neutral(0.0); Friendship=neutral(0.0); Russia=neutral(0.0); United States=neutral(0.0); Middle=neutral(0.0); United States=neutral(0.0); Ukraine=neutral(0.0); Russia=neutral(0.0); United States=neutral(0.0),"United States --attacks--> us (0.45); United States --proposes_action--> needs a larger quantity (0.55); partners --proposes_action--> buy individual drones , but a full - fledged defense system together with Ukrainian expertise in its use (0.35); the situation in the Middle East --causes--> 🔴The USA offered to postpone the tripartite meeting to next week (0.4)",ביטחון והישרדות,,,,,,,,
Ukrainian,"Fuel oil prices in Singapore have risen by 146% since the beginning of the year, surpassing the peaks of 2008 and the 2022 energy crisis.  The price of this fuel in Singapore, one of the world’s largest hubs, has reached about $140 per barrel. It is a key indicator for global logistics, as it fuels container ships, tankers, and most maritime fleets.  The sharp increase is driven by the war in the Middle East and disruptions to supplies through the Strait of Hormuz, one of the main routes for global oil and gas trade. Any restrictions or risks in this region immediately affect fuel and shipping costs.  The rise in fuel oil prices directly increases maritime shipping costs, which are eventually passed on to the prices of all goods, from electronics to food. This is essentially inflation that “sails” across the sea.  The market is already reacting. Carriers are raising rates, and businesses are beginning to reassess their supply chains. If the situation in the region does not stabilize, price increases could accelerate and hit the global economy harder than during the 2022 crisis, media reports say.",Singapore=neutral(0.0); Singapore=neutral(0.0); Middleeast=neutral(0.0); Straitofhormuz=neutral(0.0),it --causes--> It (0.5),,,,,,,,,
Ukrainian,"We are fighting for the whole of Europe, not just ourselves, you know? We're the shield.",Europe=neutral(0.0),,,,,,,,,,
Western,Universal education is like the best investment a country can make in its future.,,,,,,,,,,,
Western,"We absolutely have to stand firm against authoritarian regimes, otherwise, what's next?",,,,,,,,,,,
Western,It's about strategic patience and resolve. We can't back down when our principles are challenged.,,,,,,,,,,,
Western,"Buildings, cars, bridges; none exist without welding.  For one Kazakh family, the craft has shaped three generations, proving that human skill and creativity can’t be automated.  As demand for skilled workers grows in Kazakhstan, their story shows why craftsmanship still powers the country’s future.  Find out more on #VoicesfromCentralAsia: https://www.euronews.com/culture/2025/12/31/how-one-family-of-welders-shows-why-skilled-trades-still-matter-in-kazakhstan  In partnership with @media.damytu.qory",Kazakh=neutral(0.0); Kazakhstancralas=neutral(0.0); Kazak=neutral(0.0),demand --causes--> Kazakhstancralas (0.5),,,,,,,,,
Western,"Five European nations have determined that Russia poisoned Alexei Navalny.   This was a cowardly act from a frightened leader.  Russia has long acted as a terrorist state, relying on terrorist methods.  Poisoning political opponents. Silencing journalists. Invading peaceful",European=neutral(0.0); Russia=neutral(0.0); Alexeinavalny=neutral(0.0); Russia=aggressor(0.15),,,,,,,,,,
Western,"Israel–Iran Conflict: Follow Euronews' continuing coverage for the latest developments, live updates, and analysis on our website, mobile app, and TV channel.  http://euronews.com",Israel=neutral(0.0); Iran=neutral(0.0); Euronews=neutral(0.0),,,,,,,,,,
Western,"Tere päevast! 🇪🇪 Here are your top news stories from this afternoon:  🇵🇸🇮🇱EU foreign policy chief calls for renewed Gaza ceasefire amid escalation   🇬🇱Greenland's PM slams US officials' visit as 'demonstration of power'   🇰🇷South Korean prime minister reinstated as acting president after impeachment overturned  🇹🇷Brussels questions arrest of Istanbul mayor, without condemning it  🇾🇪US claims key Houthi leaders taken out in latest airstrikes in Yemen  🇬🇧UK PM wants 'Adolescence' TV series to be shown in schools to fight toxic culture  🍨Romans celebrate Pope Francis release from hospital with new gelato flavour, 'Hallelujah'   For more updates 👉 https://www.euronews.com/  And follow us on our social platforms:  ⚫️ X 🟣 Instagram 🔵 Facebook ⚪️ Tiktok Ⓜ️ Mastodon  @euronews_eng",Gaza=neutral(0.0); United States=neutral(0.0); Korean=neutral(0.0); Istanbul=neutral(0.0); Houthis=neutral(0.0); Yemen=neutral(0.0); Popefrancistok=neutral(0.0),chief --proposes_action--> calls for renewed Gaza ceasefire amid escalation    🇬 🇱 (0.35); PM --opposes--> visit (0.45),,,,,,,,,
Western,"Free markets, honestly, they're what drive true innovation and widespread prosperity, for real, when they're fair.",,,,,,,,,,,
Western,"I don't fully trust the system, but I still prefer it.",,,,,,,,,,,
Western,"Capitalism, with all its checks and balances, has lifted billions out of poverty. That's a fact.",,,,,,,,,,,
Western,"Mounting Russian strikes hit Ukraine with casualties across the country    Russia has launched a barrage of attacks over the past 24 hours, pummeling cities in Ukraine’s east, south and center with missiles, glide bombs and waves of drones — the latest onslaught in a deadly aerial campaign that intensified two months ago.  The building where the Estonian ambassador to Ukraine lives in the capital Kyiv was also hit and left burning by a drone.  Overnight, Russian glide bombs struck a building in the eastern Ukrainian city of Kharkiv, wounding more than 20, while drones struck the southern city of Odessa, killing one person and injuring nine, officials said.  The previous day, glide bombs hammered five locations in Zaporizhzhia in eastern Ukraine, injuring at least 40 people and killing 10, including a 1-year-old child, officials said Friday.  In total, at least 14 people were killed and close to 100 injured in the attacks.  Read the full story here.",Russia=neutral(0.0); Ukraine=neutral(0.0); Russia=neutral(0.0); Ukraine=neutral(0.0); Estonian=neutral(0.0); Ukraine=neutral(0.0); Ukraine=neutral(0.0); Russia=neutral(0.0); Ukraine=neutral(0.0); Kharkiv=victim(0.7); Odessa=victim(0.7); Zaporizhzhia=neutral(0.0); Ukraine=neutral(0.0),bombs --attacks--> building (0.45); drones --attacks--> city (0.45),,,,,,,,,
Western,Glad to be in Ljubljana  to speak at the NATO Parliamentary Assembly  @natopa . We live in a more dangerous world & the risks to our security have reach.  Parliamentarians play a pivotal role in raising awareness in our societies. We all need to work together to keep our 1bn,Ljubljana=neutral(0.0); Natoparliamentaryassembly=neutral(0.0),We --proposes_action--> need to work together to keep our 1bn (0.35),ביטחון והישרדות,,,,,,,,
Western,"Ukraine left in security limbo with Zelensky U.S. trip results unclear  KYIV — More than a week after Ukrainian President Volodymyr Zelensky presented his “victory plan” for how to end the war with Russia to top U.S. officials, details of the strategy and how it was received remain hazy, and Kyiv is scrambling for additional international support just a month before the U.S. election.  Zelensky’s administration has so far kept the points of the victory plan, which was shared with President Joe Biden and other top officials, a secret, but it likely hinges on either accelerated NATO membership or binding security guarantees from the Ukraine’s Western partners.  Read the full story here.",Ukraine=neutral(0.0); Zele=neutral(0.0); United States=neutral(0.0); Ukraine=hero(0.15); Volodymyr Zelensky=hero(0.15); Russia=hero(0.15); United States=hero(0.15); Ukraine=hero(0.15); United States=hero(0.15); Zelensky=hero(0.15); Joebiden=hero(0.15); NATO=hero(0.15); Ukraine=hero(0.15); Western=hero(0.15),,ביטחון והישרדות,,,,,,,,
Western,"Authoritarian expansionism is a clear and present danger to global stability, we can't ignore it.",,,יציבות וסדר,,,,,,,,
Western,"I just spoke with  @KingAbdullahII  of Jordan. We stand in full solidarity with the Hashemite Kingdom of Jordan following yesterday’s Iranian strikes.  With Khamenei gone, there is renewed hope for the people of Iran. We must ensure that the future is theirs to claim and shape.",##abduii=neutral(0.0); Jordan=neutral(0.0); Hashemite=neutral(0.0); Jordan=neutral(0.0); Iran=neutral(0.0); Khamene=neutral(0.0); Iran=neutral(0.0),We --proposes_action--> ensure that the future is theirs to claim and shape . (0.35),סולידריות ואחריות קולקטיבית,,,,,,,,
Western,"Honestly, the rules-based international order is literally the only thing keeping things from spiraling into total chaos, right?",,,יציבות וסדר,,,,,,,,
Western,Indian Prime Minister Narendra Modi disputed President Donald Trump’s claims that trade deals were used to clinch a ceasefire with Pakistan during last month’s military conflict. Read more here: https://bloom.bg/45ujR2L,Indian=neutral(0.0); Narendramodi=neutral(0.0); Donaldtrump=neutral(0.0); Pakistan=neutral(0.0),,,,,,,,,,
Western,Environmental protection is a global responsibility that we need to lead on.,,we --proposes_action--> need to lead on (0.35),ביטחון והישרדות,,,,,,,,
Western,"Our shared values within NATO, they're what make us strong, not just the hardware.",NATO=hero(0.15),,,,,,,,,,
Western,"The rules-based system isn't perfect, but it's the best framework we've got for international relations.",,,,,,,,,,,
Western,"🚨 LIVE NOW: Modi's budget delivers a double shock: a shield against Trump's tariffs and a tax hike on India's booming F&O market. Bloomberg's Menaka Doshi, Shruti Srivastava, Chiranjivi Chakraborty and Subhadip Sircar analyze the impact in a Live Q&A. Join and ask your questions: https://bloom.bg/4kg2isC",Modi=neutral(0.0); Trump=neutral(0.0); India=neutral(0.0); F&O=neutral(0.0); Bloomberg=neutral(0.0); Menaka Doshi=neutral(0.0); Shruti Srivastava=neutral(0.0); Chiranjivichakraborty=neutral(0.0); Subhadip Sircar=neutral(0.0),,,,,,,,,,
Western,Maintaining stability means respecting the borders and agreements everyone signed up for.,,,יציבות וסדר,,,,,,,,
Western,Article 5 of NATO? That's the ultimate promise: an attack on one is an attack on all. Powerful.,NATO=neutral(0.0),,,,,,,,,,
Western,"When we talk about human rights, we're talking about the right to speak, to assemble, to choose your own path. It's fundamental.",,,זכויות אדם וכבוד האדם,,,,,,,,
Western,"The rules-based order, it's like the operating system for a stable world. Mess with it, and everything just crashes.",,,יציבות וסדר,,,,,,,,
Zionist,INTELLIGENCE REVEALS: BROTHER OF TERRORIST BEHIND U.S. SYNAGOGUE ATTACK WAS A HEZBOLLAH TERRORIST  Hezbollah commander Ibrahim Muhammad Ghazali was responsible for managing weapons operations within a specialized branch of the Badr Unit. The unit is responsible for launching,United States=neutral(0.0); Hezbollah=neutral(0.0); Ibrahimmuhammadghazal=neutral(0.0); Badrunit=neutral(0.0),(unattributed) --blames--> INTELLIGENCE REVEALS: BROTHER OF TERRORIST BEHIND U.S. SYNAGOGUE ATTACK WAS A HEZBOLLAH TERRORIST  Hezbollah commander I (0.35); (unattributed) --blames--> The unit (0.35),,,,,,,,,
Zionist,"ANOTHER CEASEFIRE VIOLATION: A terrorist crossed the Yellow Line in southern Gaza and approached IDF troops, posing an imminent threat.  The IAF struck and eliminated the terrorist in order to remove the threat.",Yellowline=neutral(0.0); Gaza=neutral(0.0); IDF=neutral(0.0); IAF=aggressor(0.85),,יציבות וסדר,,,,,,,,
Zionist,This morning we will continue to post videos and images that depict Hamas warcrimes and the sophistication of their premeditated attacks on civilian communities.,Hamas=neutral(0.0),,,,,,,,,,
Zionist,"🎙 Today's podcast is one of the most powerful channels for creating alternative communication, building personal branding and strengthening the image of you and your business.  The new videocast studios offer members of the Abu Ali Express group a particularly worthwhile promotion for those who want to start a high-level podcast - or for those who already have and want to level up.  🎥 4 sessions in the studio, each session lasting an hour and a half + full editing for the episode 💰 only 3,000 NIS instead of 4,500 NIS 👇 To leave details https://videocast.fillout.com/telegram",Abualiexpress=neutral(0.0),,,,,,,,,,
Zionist,"We've always extended a hand for peace, but it takes two to tango, unfortunately.",,,,,,,,,,,
Zionist,"For the full show:  bit.ly/4s3QcpC Elica Le Bon, an Iranian-American attorney, writer, and activist, debunks false claims that Israel dragged the U.S. into a war against the Iranian regime.  With the regime in Iran under attack, what are Iranians inside the country and in",Elicalebon=aggressor(0.15); Iran=aggressor(0.15); United States=aggressor(0.15); Israel=aggressor(0.15); United States=aggressor(0.15); Iran=aggressor(0.15); Iran=aggressor(0.15); Iran=aggressor(0.15),,,,,,,,,,
Zionist,"Gold Star wife here.  When ISIS killed your wife, you supported going after the people responsible. You understood exactly why we were fighting and never called it “Israel’s war.”  My husband, Alan, was killed by Iranian proxies in Iraq. And now, after decades, the fight is",Gold=neutral(0.0); ISIS=aggressor(0.85); Israel=neutral(0.0); Alan=victim(0.15); Iran=victim(0.15); Iraq=victim(0.85),,,,,,,,,,
Zionist,"This is who Iran targets.  An Iranian missile deliberately targeted a civilian residential neighborhood in Beit Shemesh, murdering 9 civilians. All nine victims have now been identified.  Four were children -  including three siblings.  May their memory be a blessing",Iran=neutral(0.0); Iran=victim(0.15); Beitshemesh=victim(0.85),,,,,,,,,,
Zionist,On the ice. On the track. On the snow Meet Israel’s athletes heading to Milano Cortina 2026.  Mariia Seniuk – Figure Skating  Jared Firestone – Skeleton  Dr. Attila Kertész – Cross-Country Skiing Carrying the blue and white with pride,Israel=neutral(0.0); Milanocortina=neutral(0.0); Mariia Seniuk=hero(0.15); Jaredfirestone=hero(0.15); Attila Kertész=hero(0.15); Country=hero(0.15),,,,,,,,,,
Zionist,"""We are here after 843 days of a civil struggle on a level that was unprecedented in the State of Israel. We did not stand by and the statement of 'until the last kidnapping' belonged to the entire community of Israeli citizens.""  Lee Siegel, the brother of captivity survivor Keith Siegel, who next week will mark the anniversary of his release, spoke today in front of the crowd that came to take part in the last Shabbat reception at the Kidnapped Square: ""My heart is now bursting with emotions of joy when I see Omri and Matan who were in captivity with Keith for too long. This is a family, we are all a family. It's not 'together we will win,' together is the victory! My brother Keith and my sister-in-law Aviva were kidnapped Aviva was in captivity for 484 days. 46 abductees were killed in captivity.  Photo credit: Uriel Ibn Sapir, Alon Gilboa Bring Them Home Now by @BringThemHomeNow A @grttme project - Other backups: @Hallotme",Stateofisrael=neutral(0.0); Israel=neutral(0.0); Leesiegel=neutral(0.0); Keithsiegel=neutral(0.0); Shabbat=neutral(0.0); Kidnappedsquare=neutral(0.0); Omri=neutral(0.0); Mata=neutral(0.0); Keith=neutral(0.0); Keith=neutral(0.0); Aviv=neutral(0.0); Aviv=neutral(0.0); Uriel Ibn Sapir=neutral(0.0); Alon Gilboa=neutral(0.0); Hallot=neutral(0.0),,סולידריות ואחריות קולקטיבית,,,,,,,,
Zionist,That Hamas decapitated them.,Hamas=neutral(0.0),,,,,,,,,,
Zionist,The moment of impact and the aftermath of an Iranian regime missile hitting a kindergarten in central Israel. This is a war crime.,Iran=aggressor(0.15); Israel=aggressor(0.15),,,,,,,,,,
Zionist,"Israeli pride on the NBA’s biggest stage  Deni Avdija named an NBA All-Star, a historic moment for Israeli basketball players. We’re proud of you. We’re with you all the way",Israel=hero(0.15); NBA=hero(0.15); Deni Avdija=neutral(0.0); NBA=neutral(0.0); All-star=neutral(0.0); Israel=neutral(0.0),,,,,,,,,,
Zionist,"""Ran Goyili is not just a name, Ran is a son, a friend, a brave YSM fighter who on October 7 ran into the fire and defended with his body Kibbutz Alumim and the home of all of us. Ran fought like a hero and was kidnapped to Gaza. He is a symbol of supreme sacrifice, and thanks to him many of us are alive today."" Hadassah, the sister of the late Shlomo Mansour, asked today at the Shabbat reception at the Kidnapped Square to connect two stories of heroism and death that were intertwined in one destiny: ""Ran's relationship with us goes back one generation: Itzik, Ran's father, was in the Nahal nucleus in Kibbutz Kissuf, with my beloved brother, Shlomo Mansour. There, among the fields of the Negev, the two met. Itzik talks about Shlomo with praise and appreciation and with great respect, about a good, honest man, one who was always there for others.  My brother, Shlomo Mansour, was brutally kidnapped from his home in Kibbutz Kissuf on October 7 when he was 85 years old and taken handcuffed to his car and from there to Gaza. Those who knew Shlomo know that it is impossible to miss him - with the eternal smile, the light that radiated from him and the famous mustache that was his hallmark. After 513 long and tormented days Solomon was returned to us in a transaction and buried in the land of Kissuf.  The connection between Ran the warrior and Shlomo, the brother and guide, is the story of the beautiful and painful Land of Israel. This is a story about generations of builders and defenders who tied their fate in this land.  Ran continued the same line of values, the same commitment, the same silent statement ""if needed, I'm here"", and today we should be here for him.  And when we accept Shabbat, we will remember the strength of his spirit, his smile and the light of Ran and the shining smile of Shlomo.  Their light will continue to light our way."" Photo credit: Paulina Fatimer, Uriel Ibn Sapir #ישראלמחקהלרני #אדהחטופהאקרון Bring Them Home Now by @BringThemHomeNow A @grttme project - Other backups: @Hallotme",Ran Go=hero(0.15); Ra=hero(0.15); YSM=hero(0.15); Kibbutzalumim=hero(0.15); Ra=hero(0.15); Gaza=hero(0.15); Hadassah=hero(0.15); Shlomo Mansour=hero(0.15); Shabbat=hero(0.15); Kidnappedsquare=hero(0.15); Ra=neutral(0.0); Itzik=neutral(0.0); Ra=neutral(0.0); Nah=neutral(0.0); Kibbutzkissuf=neutral(0.0); Shlomo Mansour=neutral(0.0); Negev=neutral(0.0); Itzik=neutral(0.0); Shlomo=neutral(0.0); Shlomo Mansour=victim(0.15); Kibbutzkissuf=victim(0.15); Gaza=victim(0.15); Shlomo=neutral(0.0); Solomon=victim(0.15); Kissuf=neutral(0.0); Ran=neutral(0.0); Shlomo=neutral(0.0); Landofisrael=neutral(0.0); Ra=neutral(0.0); Ra=hero(0.15); Paul=neutral(0.0); U=neutral(0.0); Ibn=neutral(0.0); Sa=neutral(0.0),we --proposes_action--> be here for him . (0.35),ביטחון והישרדות,,,,,,,,
Zionist,"""Three and a half months ago I was in a completely different place, with no one to pick me up in moments of crisis, to laugh or cry with me, just alone."" With these words, Ariel Konio opened his words this evening, at the last rally of Carmi Gat.   ""Today I stand here together with my brother David, who returned with me from captivity, surrounded by so many amazing people. We both stand here as living proof that even in the face of the most terrible darkness, the human spirit can win."" And David added and shared: ""There were many nights when I didn't know if I would get to see daylight again, if I would hug my childhood again, if I would get to see them laugh, if I would ever return home. And here I am."" David, Ariel and their family members thanked everyone who went out to the streets and squares to call for their release, to those who fought for them in the various sectors and to all those who did not stop, until the last abductee.  Bring Them Home Now by @BringThemHomeNow A @grttme project - Other backups: @Hallotme",Arielkonio=neutral(0.0); Car=neutral(0.0); Gat=neutral(0.0); David=neutral(0.0); David=neutral(0.0); David=neutral(0.0); Ariel=neutral(0.0),,,,,,,,,,
Zionist,"I mean, Tel Aviv is probably the most LGBTQ-friendly city in the entire region, and that matters.",Telaviv=neutral(0.0); LGBTQ=neutral(0.0),,,,,,,,,,
Zionist,BREAKING: Nine people have been murdered in the Iranian regime missile attacks on central Israel. Multiple others injured. May their memories forever be a blessing.,Iran=victim(0.15); Israel=victim(0.15),,,,,,,,,,
Zionist,"Dr. Harvey Risch discusses natural immunity, early treatment, 'vaccinating' children and scientific fraud  Dr. Harvey Risch is Professor of Epidemiology in the Department of Epidemiology and Public Health at the Yale School of Public Health and Yale School of Medicine.  Dr. Risch collates data from US doctors using early treatment multi-therapies. The scoreboard is now less than 24 deaths for 150,000 treated. That is a 0.016% rate. Early treatment is paramount.   [source]",Harveyrisch=neutral(0.0); Harveyrischemiology=neutral(0.0); Departmentofepidemiologyandpublichealth=neutral(0.0); Yaleschoolofpublichealth=neutral(0.0); Yaleschoolofmedicine=neutral(0.0); Risch=neutral(0.0); United States=neutral(0.0),,,,,,,,,,
Zionist,"Happy Sigd! We honor the faith and resilience of Jews of Ethiopian descent. For generations they gathered on distant mountaintops, praying to reach Jerusalem.  Sigd celebrates their heritage, their courage & the incredible journey that brought them home to Israel - a journey",Jews=hero(0.15); Ethiopian=hero(0.15); Jerusalem=neutral(0.0); Israel=hero(0.15),,מסורת ומורשת,,,,,,,,
Zionist,"Following on from this morning's report here on the channel 👆, the IDF spokesman confirms: During an operational activity of the Air Force in the skies over Iran, a surface-to-air missile was detected fired at an Israeli fighter jet. The crew acted in accordance with the procedures, no damage was caused to the aircraft and the mission was completed as planned. Since the beginning of the war, several attempts were made to attack Israeli fighter jets in the skies over Iran, the air crews successfully dealt with the threat. The Air Force will continue to fly and attack wherever That he will be required throughout Iran and will complete his tasks under threat in every operational sortie. To respond to the article, click here",👆=neutral(0.0); IDF=neutral(0.0); Airforce=neutral(0.0); Iran=neutral(0.0); Israel=neutral(0.0); Israel=hero(0.15); Iran=victim(0.7); Airforce=neutral(0.0); Iran=neutral(0.0),,,,,,,,,,
Zionist,"The infection fatality rate of COVID-19 inferred from seroprevalence data   John P.A. Ioannidis doi: https://doi.org/10.1101/2020.05.13.20101253  Now published in Bulletin of the World Health Organization doi: 10.2471/BLT.20.265892     ARTICLE Twenty steps to end the madness  https://climate-science.press/2021/10/04/twenty-steps-to-end-the-madness/  So much societal damage for a virus with an infection mortality rate (IFR) roughly similar (or likely lower once all infection data are collected) to seasonal influenza. Stanford’s John P.A. Ioannidis identified 36 studies (43 estimates) along with an additional 7 preliminary national estimates (50 pieces of data) and concluded that among people <70 years old across the world, infection fatality rates ranged from 0.00% to 0.57% with a median of 0.05% across the different global locations (with a corrected median of 0.04%). The rate of survival for those under 70 years is 99.5%. Moreover, the IFR has been shown to be near zero for children and young adults. While anyone is at risk of being infected, “there is more than a thousand-fold difference in the risk of death between the old and the young.”",CO=neutral(0.0); Johnpaioanni=neutral(0.0); Bulletinoftheworldhealthorganization=neutral(0.0); Stanford=neutral(0.0); Johnpaioannidis=neutral(0.0),,ביטחון והישרדות,,,,,,,,
Zionist,"We just want to live in peace, but we also have to defend ourselves against those who want us gone.",,,ביטחון והישרדות,,,,,,,,
Zionist,"After everything that happened in Europe, well, we realized we needed our own home.",Europe=neutral(0.0),we --proposes_action--> needed our own home (0.35),,,,,,,,,
Zionist,"Big win for Israel’s cyber ecosystem    Palo Alto Networks acquires  startup Koi - founded in 2024 - for $400M.  Koi protects 500,000+ endpoints worldwide, securing enterprises against rogue AI agents, risky plugins & next-gen supply chain threats.  Israeli innovation",Israel=aggressor(0.15); Paloaltonetworks=aggressor(0.15); Koi=aggressor(0.15); Ko=savior(0.85); AI=aggressor(0.15); Israel=neutral(0.0),Ko --protects--> endpoints (0.45),ביטחון והישרדות,,,,,,,,
Zionist,You can't just erase the thousands of years of Jewish presence in Hebron or Safed.,Jewish=neutral(0.0); Hebron=neutral(0.0); Safed=neutral(0.0),,,,,,,,,,
